,matricula,nome,nota1,nota2,nota3,media
0,101010,Ana,8.0,7.5,8.2,7.8999999999999995
1,101011,Dino,4.5,4.2,4.0,4.233333333333333
2,101012,Tina,7.6,7.8,7.5,7.633333333333333
3,101013,Caetano,8.5,9.0,9.0,8.833333333333334
4,101014,Eduarda,9.0,9.2,8.6,8.933333333333332
